<?xml version="1.0" encoding="UTF-8"?>
<Configuration status="WARN" monitorInterval="30">
	<Properties>
		<Property name="LOG_PATTERN">{"log_level":"%p","log_timestamp":"%d{ISO8601}","log_thread":"%t","log_class":"%c","log_method":"%M","log_file":"%F",
			"log_line":"%L","log_message":"%m"}%n</Property>
		<Property name="LOG_TIME">%d{yyyy-MM-dd'T'HH:mm:ss.SSSZ}</Property>
		<!-- Property name="APP_LOG_ROOT">c:/temp</Property> -->
	</Properties>
	<Appenders>
		<!-- <Console name="Console" target="SYSTEM_OUT" follow="true"> <PatternLayout 
			pattern="${LOG_PATTERN}" /> </Console> -->
		<Console name="ConsoleJSON" target="SYSTEM_OUT">
			<PatternLayout pattern="${LOG_PATTERN}" />
		<!-- <PatternLayout pattern="" /> -->

		<!-- <JsonLayout complete="false" compact="false">
			<KeyValuePair key="logType" value="Application" />
			<KeyValuePair key="logTime" value="$${LOG_TIME}" />
		</JsonLayout> -->
	</Console>

	</Appenders>
	<Loggers>

		<Logger name="com.myworks.*" additivity="false">
			<AppenderRef ref="ConsoleJSON" />
		</Logger>
		<!-- <Logger name="CONSOLE_JSON_APP" level="TRACE" additivity="false"> 
			<AppenderRef ref="ConsoleJSONApp" /> </Logger> <Logger name="CONSOLE_JSON_TRANS" 
			level="TRACE" additivity="false"> <AppenderRef ref="ConsoleJSONTrans" /> 
			</Logger> -->

		<Root level="info">
			<AppenderRef ref="ConsoleJSON" />
		</Root>
	</Loggers>
</Configuration>